<?xml version="1.0" encoding="utf-8"?>
<VugenScriptMetadata>
  <ScriptName>API_DT_Enc_LightManagers_SummaryPage</ScriptName>
  <Protocol>Web - HTTP/HTML</Protocol>
  <ActionFiles>
    <FileEntry Name="vuser_init.c" Filter="2" />
    <FileEntry Name="RP_GetAllocationSummaryOrg4_LM.c" Filter="2" />
    <FileEntry Name="RP_GetAllocationSummaryAccountGroups_LM.c" Filter="2" />
    <FileEntry Name="RP_GetAllocationSummaryAccounts_LM.c" Filter="2" />
    <FileEntry Name="RP_GetAllocationSummaryReleases_LM.c" Filter="2" />
    <FileEntry Name="vuser_end.c" Filter="2" />
  </ActionFiles>
  <GeneralFiles>
    <FileEntry Name="API_DT_Enc_LightManagers_SummaryPage.usr" Filter="4" />
    <FileEntry Name="default.cfg" Filter="4" />
    <FileEntry Name="default.usp" Filter="4" />
    <FileEntry Name="API_DT_Enc_LightManagers_SummaryPage.prm" Filter="2" />
    <FileEntry Name="globals.h" Filter="2" />
    <FileEntry Name="NTNET.dat" Filter="2" />
    <FileEntry Name="fx_GetAllocationSummaryAccountGroups.js" Filter="2" />
    <FileEntry Name="fx_GetAllocationSummaryAccounts.js" Filter="2" />
    <FileEntry Name="fx_GetAllocationSummaryReleases.js" Filter="2" />
    <FileEntry Name="fx_GetAllocationSummaryOrg4.js" Filter="2" />
    <FileEntry Name="combined_API_DT_Enc_LightManagers_SummaryPage.c" Filter="2" />
    <FileEntry Name="pre_cci.c" Filter="2" />
    <FileEntry Name="243304882440.idx" Filter="1" />
    <FileEntry Name="24330488244_FFf.113.idx" Filter="1" />
    <FileEntry Name="24330488244_h2g.537.idx" Filter="1" />
    <FileEntry Name="24330488244_hTE.539.idx" Filter="1" />
    <FileEntry Name="24330488244_JYI.873.idx" Filter="1" />
    <FileEntry Name="24330488244_kZE.883.idx" Filter="1" />
    <FileEntry Name="24330488244_PRO.559.idx" Filter="1" />
    <FileEntry Name="24330488244_Shv.545.idx" Filter="1" />
    <FileEntry Name="24330488244_uql.307.idx" Filter="1" />
    <FileEntry Name="24330488244_uQX.585.idx" Filter="1" />
    <FileEntry Name="24330488244_WkU.969.idx" Filter="1" />
    <FileEntry Name="API_DT_Enc_LightManagers_SummaryPage.c.pickle" Filter="1" />
    <FileEntry Name="API_DT_Enc_LightManagers_SummaryPage.ci" Filter="1" />
    <FileEntry Name="API_DT_Enc_LightManagers_SummaryPage.prm.bak" Filter="1" />
    <FileEntry Name="API_DT_Enc_LightManagers_SummaryPage.sdf" Filter="1" />
    <FileEntry Name="Bookmarks.xml" Filter="1" />
    <FileEntry Name="Breakpoints.xml" Filter="1" />
    <FileEntry Name="CompilerLogMetadata.xml" Filter="1" />
    <FileEntry Name="custom_body_variables.txt" Filter="1" />
    <FileEntry Name="fx_GetAllocationSummaryAccounts.txt" Filter="1" />
    <FileEntry Name="fx_GetAllocationSummaryOrg4.txt" Filter="1" />
    <FileEntry Name="fx_GetAllocationSummaryReleases.txt" Filter="1" />
    <FileEntry Name="logfile.log" Filter="1" />
    <FileEntry Name="lrw_custom_body.h" Filter="1" />
    <FileEntry Name="mdrv_cmd.txt" Filter="1" />
    <FileEntry Name="options.txt" Filter="1" />
    <FileEntry Name="ORGCODE.dat" Filter="1" />
    <FileEntry Name="output.bak" Filter="1" />
    <FileEntry Name="output.txt" Filter="1" />
    <FileEntry Name="ReplaySummaryReport.xml" Filter="1" />
    <FileEntry Name="ScriptUploadMetadata.xml" Filter="1" />
    <FileEntry Name="TransactionsData.db" Filter="1" />
    <FileEntry Name="UserTasks.xml" Filter="1" />
    <FileEntry Name="result1\" Filter="1" />
  </GeneralFiles>
</VugenScriptMetadata>